index,post_id,reply_id,actual
0,7961696982295378944,15902900000000000000,CONTEXT SHIFT
1,4824587311292975104,4652170000000000000,RHETORICAL QUESTION
2,7155693771356047360,18161900000000000000,OTHER
3,5929177359346716672,5855670000000000000,EUPHEMISM
4,12099038560420169728,10284800000000000000,ANALOGY
6,18184193230015000576,3263700000000000000,OTHER
7,4625931298966675456,3210680000000000000,HYPERBOLE
9,12841824500967149568,13599000000000000000,OTHER
10,8374295896122236928,9960700000000000000,FALSE ASSERTION
12,8727623984665907200,457492000000000000,OTHER
13,7033897647878070272,4174370000000000000,CONTEXT SHIFT
14,14927487631298500608,3984510000000000000,FALSE ASSERTION
15,13999466197412390912,8582060000000000000,RHETORICAL QUESTION
16,3045493691802176000,5881810000000000000,CONTEXT SHIFT
17,1679217763483685120,5478910000000000000,HYPERBOLE
19,1894119167367809024,9033280000000000000,OTHER
20,7462581045673427968,14235400000000000000,RHETORICAL QUESTION
21,13615235974994190336,17921100000000000000,RHETORICAL QUESTION
22,10765217889857900544,12979700000000000000,OTHER
23,15318882553031809024,1457720000000000000,CONTEXT SHIFT
24,17212309861089630208,7213440000000000000,FALSE ASSERTION
25,10543569204621709312,6478110000000000000,RHETORICAL QUESTION
26,5168625731641847808,6591050000000000000,CONTEXT SHIFT
30,16167343742615099392,5036060000000000000,CONTEXT SHIFT
32,10294703797536010240,14854400000000000000,OTHER
33,1387389979920722944,7871260000000000000,CONTEXT SHIFT
35,955066013186157056,7841040000000000000,RHETORICAL QUESTION
36,9117711307358630912,7916660000000000000,CONTEXT SHIFT
37,4178595591294574080,16143900000000000000,FALSE ASSERTION
39,11611645251669049344,7556330000000000000,CONTEXT SHIFT
40,225288318251128288,4629310000000000000,HYPERBOLE
41,7892378751459500032,16252800000000000000,RHETORICAL QUESTION
42,11369149162983489536,7888320000000000000,OTHER
43,11558390939674519552,12676400000000000000,HYPERBOLE
44,15313632188181430272,1809560000000000000,RHETORICAL QUESTION
45,18387398790699239424,14325300000000000000,CONTEXT SHIFT
46,630286693384318080,11609600000000000000,ANALOGY
50,9568837740787623936,2564980000000000000,CONTEXT SHIFT
51,1096004385442002944,18443900000000000000,HYPERBOLE
54,11137418050832379904,3817000000000000000,RHETORICAL QUESTION
55,10281194885854019584,14278400000000000000,CONTEXT SHIFT
56,3564946252259166208,11499800000000000000,RHETORICAL QUESTION
57,6386761469479286784,6876180000000000000,CONTEXT SHIFT
58,7954843239286609920,8178510000000000000,FALSE ASSERTION
59,492369763312032128,17520700000000000000,HYPERBOLE
60,9470135544203663360,7580360000000000000,OXYMORON
61,11899879421757480960,699644000000000000,FALSE ASSERTION
62,8482609725250125824,11859000000000000000,EUPHEMISM
63,2968926351009075200,10391400000000000000,OTHER
64,7477401530957351936,1206180000000000000,RHETORICAL QUESTION
66,13943343828615460864,9688060000000000000,ANALOGY
67,888612363643747712,9901380000000000000,CONTEXT SHIFT
68,16300389213436499968,7681940000000000000,OTHER
69,11854247542220259328,17907300000000000000,CONTEXT SHIFT
70,13001943395368790016,10475000000000000000,FALSE ASSERTION
72,255308143867597184,3714510000000000000,ANALOGY
74,14222935602055790592,11326200000000000000,RHETORICAL QUESTION
75,6358833546371151872,2866560000000000000,ANALOGY
76,4712286480051747840,4224410000000000000,OTHER
77,7489313936521549824,7078800000000000000,CONTEXT SHIFT
78,10282731906424629248,15817800000000000000,ANALOGY
79,5969871576465133568,14017200000000000000,ANALOGY
80,4360074657789536256,16013400000000000000,EUPHEMISM
81,5724857037789025280,13083000000000000000,HYPERBOLE
82,13415829529808369664,7787860000000000000,RHETORICAL QUESTION
83,15452154017271209984,11998800000000000000,OTHER
84,15145496112429019136,11505300000000000000,ANALOGY
85,15169059911459409920,10309200000000000000,EUPHEMISM
86,3037383543302795776,6283640000000000000,CONTEXT SHIFT
87,11755500963030939648,12431600000000000000,OTHER
88,9408805770120683520,2035190000000000000,HYPERBOLE
89,1679217763483685120,6187690000000000000,CONTEXT SHIFT
90,2432806416627402752,11492500000000000000,OTHER
91,16626886395331850240,7533790000000000000,EUPHEMISM
92,4520804865264936960,12052700000000000000,FALSE ASSERTION
93,12561098575626790912,12674400000000000000,EUPHEMISM
94,12802596261741490176,6395060000000000000,FALSE ASSERTION
96,1236265448438971904,4088920000000000000,HYPERBOLE
97,9838181499890583552,10423300000000000000,FALSE ASSERTION
98,3078947007140050944,10710000000000000000,ANALOGY
99,17101699480099239936,15609300000000000000,FALSE ASSERTION
100,10426144657201930240,4379940000000000000,OTHER
